{"faceMorph":{"allowDiscardFrame":false,"canvasSize":[750,1334],"makeups":[{"enable":true,"imagePath":"__facemorph/Untitled.png","imageScale":1,"name":"Untitled","position":[0,96],"tag":"SOFTLIGHT","useOpenMouth":true,"zPosition":0},{"enable":true,"imagePath":"__facemorph/Untitled1.png","imageScale":1,"name":"Untitled1","position":[0,96],"tag":"SOFTLIGHT","useOpenMouth":true,"zPosition":1},{"enable":true,"imagePath":"__facemorph/Untitled3.png","imageScale":1,"name":"Untitled3","position":[0,96],"tag":"SOFTLIGHT","useOpenMouth":true,"zPosition":2},{"enable":true,"imagePath":"__facemorph/Untitled4.png","imageScale":1,"name":"Untitled4","position":[0,96],"tag":"SOFTLIGHT","useOpenMouth":true,"zPosition":3},{"enable":true,"imagePath":"__facemorph/Untitled5.png","imageScale":1,"name":"Untitled5","position":[0,95],"tag":"SOFTLIGHT","useOpenMouth":true,"zPosition":4},{"enable":true,"imagePath":"__facemorph/Untitled6.png","imageScale":1,"name":"Untitled6","position":[0,96],"tag":"SOFTLIGHT","useOpenMouth":true,"zPosition":6},{"enable":true,"imagePath":"__facemorph/Untitled7.png","imageScale":1,"name":"Untitled7","position":[0,96],"tag":"SOFTLIGHT","useOpenMouth":true,"zPosition":5}],"targetFPS":25},"newPartField":"3.0","stickerType":"faceMorph","toolVersion":"Mac_2.4.2","totalMem":19.07,"transitions":{"Transition1":{"conditions":[{"preState":"","triggers":"H.face.appear"}],"randomShow":false,"targets":[{"delay":0,"fadingFrame":0,"lastingFrame":0,"loop":0,"targetPart":"Untitled","targetState":"playing"}]},"Transition2":{"conditions":[{"preState":"","triggers":"H.face.appear"}],"randomShow":false,"targets":[{"delay":0,"fadingFrame":0,"lastingFrame":0,"loop":0,"targetPart":"Untitled1","targetState":"playing"}]},"Transition3":{"conditions":[{"preState":"","triggers":"H.face.appear"}],"randomShow":false,"targets":[{"delay":0,"fadingFrame":0,"lastingFrame":0,"loop":0,"targetPart":"Untitled3","targetState":"playing"}]},"Transition4":{"conditions":[{"preState":"","triggers":"H.face.appear"}],"randomShow":false,"targets":[{"delay":0,"fadingFrame":0,"lastingFrame":0,"loop":0,"targetPart":"Untitled4","targetState":"playing"}]},"Transition5":{"conditions":[{"preState":"","triggers":"H.face.appear"}],"randomShow":false,"targets":[{"delay":0,"fadingFrame":0,"lastingFrame":0,"loop":0,"targetPart":"Untitled5","targetState":"playing"}]},"Transition6":{"conditions":[{"preState":"","triggers":"H.face.appear"}],"randomShow":false,"targets":[{"delay":0,"fadingFrame":0,"lastingFrame":0,"loop":0,"targetPart":"Untitled6","targetState":"playing"}]},"Transition7":{"conditions":[{"preState":"","triggers":"H.face.appear"}],"randomShow":false,"targets":[{"delay":0,"fadingFrame":0,"lastingFrame":0,"loop":0,"targetPart":"Untitled7","targetState":"playing"}]}},"version":"3.0"}